Well,Formation,TDS (mg/L),pH,Ca (mg/L),Mg (mg/L),Na (mg/L),K (mg/L),Cl (mg/L),SO4 (mg/L),HCO3 (mg/L),CO3 (mg/L),Hardness as CaCO3 (mg/L),SAR,Charge Balance Error (%),Mn (mg/L),Fe total (mg/L),Sr (mg/L),Ba (mg/L),Recommended Process,Recovery (target band),"Feed @2,000 gpd permeate (gpd)","Brine @2,000 gpd permeate (gpd)"
,,21775,7.5,1520.0,52.0,7760.0,22.0,11600.0,,770.0,,4009.5759999999996,53.325796251901885,10.344818969197826,,,,,"BWRO (CCRO/batch), 2-stage if needed",75–85%,2500.0,500.0
,,42106,6.7,1776.0,401.84,13518.87,,22250.82,3663.02,441.09,,6089.449119999999,75.38457760115473,-0.09731456354847738,,,51.65,,"High-pressure RO (SWRO-class), consider CCRO (Gypsum scaling risk: use antiscalant & conservative recovery)",55–75%,3076.9,1076.9
,,51145,6.45,4742.0,783.12,13273.52,,28762.24,2561.52,951.6,,15065.66216,47.05669897042993,-0.10038400800978779,,,,,"High-pressure RO (SWRO-class), consider CCRO (Gypsum scaling risk: use antiscalant & conservative recovery)",55–75%,3076.9,1076.9
,,23042,6.81,1269.0,286.79,6486.43,351.88,11349.72,2034.0,1198.03,,4349.694219999999,42.796424063414314,-0.5328170575077605,,,43.73,,"BWRO (CCRO/batch), 2-stage if needed",75–85%,2500.0,500.0
,,52146,5.94,6121.0,606.9,12514.9,,30451.33,1661.44,698.51,,17783.351199999997,40.83644554300575,-0.2883180915826536,,,,,"High-pressure RO (SWRO-class), consider CCRO",55–75%,3076.9,1076.9
,,57427,6.2,5057.0,1040.82,15011.43,,33717.97,1903.99,497.42,,16913.42576,50.22695682544452,-0.3968135841442668,,,170.34,,"High-pressure RO (SWRO-class), consider CCRO",55–75%,3076.9,1076.9
,,85624,6.2,21535.0,1603.45,7380.97,,52816.96,628.82,1609.83,,60375.9021,13.070977945102799,-0.052348510729368206,,,,,SWRO (2-pass) or RO→MD/Brine concentrator,40–60%,4000.0,2000.0
,,56830,5.7,1753.0,1090.98,14983.49,,33778.62,1562.87,428.04,,8869.89664,69.22955746243017,-8.967867289174038,,,60.55,,"High-pressure RO (SWRO-class), consider CCRO",55–75%,3076.9,1076.9
